Date;USDCOP;BRENT
31/03/2022;3771.05;107.91
30/03/2022;3757.46;113.45
29/03/2022;3756.11;110.23
28/03/2022;3786.88;112.48
25/03/2022;3794.11;120.65
24/03/2022;3788.23;119.03
23/03/2022;3784.82;121.6
22/03/2022;3761.61;115.48
18/03/2022;3817.04;107.93
17/03/2022;3825.15;106.64
16/03/2022;3836.3;98.02
15/03/2022;3831.95;99.91
14/03/2022;3798.66;106.9
11/03/2022;3819.95;112.67
10/03/2022;3817.75;109.33
9/03/2022;3742.9;111.14
8/03/2022;3771.85;127.98
7/03/2022;3812.31;123.21
4/03/2022;3826.49;118.11
3/03/2022;3756.42;110.46
2/03/2022;3836.48;112.93
1/03/2022;3884.13;104.97
28/02/2022;3937.94;100.99
25/02/2022;3913;97.93
24/02/2022;3926.61;99.08
23/02/2022;3912.9;96.84
22/02/2022;3930.57;96.84
21/02/2022;3938.31;95.39
18/02/2022;3930.74;93.54
17/02/2022;3932.55;92.97
16/02/2022;3963.52;94.81
15/02/2022;3951.85;93.28
14/02/2022;3944.5;96.48
11/02/2022;3930.02;94.44
10/02/2022;3920.2;91.41
9/02/2022;3939.78;91.55
8/02/2022;3948.21;90.78
7/02/2022;3965.25;92.69
4/02/2022;3955.68;93.27
3/02/2022;3954.19;91.11
2/02/2022;3932.49;89.47
1/02/2022;3925.51;89.16
31/01/2022;3947.01;91.21
28/01/2022;3957;90.03
27/01/2022;3963.65;89.34
26/01/2022;3930.4;89.96
25/01/2022;3970.77;88.2
24/01/2022;3977.05;86.27
21/01/2022;3955.38;87.89
20/01/2022;3977.23;88.38
19/01/2022;3995.04;88.44
18/01/2022;4038.09;87.51
17/01/2022;4007.11;86.48
14/01/2022;4004.03;86.06
13/01/2022;3967.85;84.47
12/01/2022;3974.38;84.67
11/01/2022;3993.25;83.72
10/01/2022;4051.98;80.87
7/01/2022;4051.08;81.75
6/01/2022;4033.05;81.99
5/01/2022;4024.35;80.8
4/01/2022;4081.55;80
3/01/2022;4061.8;78.98
30/12/2021;4080.32;79.32
29/12/2021;4038.04;79.23
28/12/2021;4011.35;78.94
27/12/2021;3999.42;78.6
24/12/2021;3993.43;76.14
23/12/2021;3998.88;76.85
22/12/2021;3999.62;75.29
21/12/2021;4001.07;73.98
20/12/2021;4007.16;71.52
17/12/2021;4028.13;73.52
16/12/2021;4019.45;75.02
15/12/2021;4000.1;73.88
14/12/2021;4003.09;73.7
13/12/2021;3890.83;74.39
10/12/2021;3901.3;75.15
9/12/2021;3903.02;74.42
8/12/2021;3905.56;75.82
7/12/2021;3910.65;75.44
6/12/2021;3932.17;73.08
3/12/2021;3967.44;69.88
2/12/2021;3938.27;69.67
1/12/2021;3971.56;68.87
30/11/2021;3962.76;70.57
29/11/2021;4035.59;73.44
26/11/2021;4015.7;72.72
25/11/2021;3984.3;82.22
24/11/2021;3975.13;82.25
23/11/2021;3949.88;82.31
22/11/2021;3894.82;79.7
19/11/2021;3916.18;78.89
18/11/2021;3925.4;81.24
17/11/2021;3918.43;80.28
16/11/2021;3895.34;82.43
12/11/2021;3884.63;82.17
11/11/2021;3878.63;82.87
10/11/2021;3881.91;82.64
9/11/2021;3862.9;84.78
8/11/2021;3876.38;83.43
5/11/2021;3878.85;82.74
4/11/2021;3869.34;80.54
3/11/2021;3834.24;81.99
2/11/2021;3795.98;84.72
29/10/2021;3767.37;84.38
28/10/2021;3777.75;84.32
27/10/2021;3759.45;84.58
26/10/2021;3769.23;86.4
25/10/2021;3767.8;85.99
22/10/2021;3774.11;85.53
21/10/2021;3780.25;84.61
20/10/2021;3767.56;85.82
19/10/2021;3767.2;85.08
18/10/2021;3770.62;84.33
15/10/2021;3767.47;84.86
14/10/2021;3771.35;84
13/10/2021;3744.4;83.18
12/10/2021;3721.18;83.42
11/10/2021;3761.39;83.65
8/10/2021;3766.81;82.39
7/10/2021;3774.5;81.95
6/10/2021;3787.56;81.08
5/10/2021;3785.05;82.56
4/10/2021;3795.4;81.26
1/10/2021;3793.38;79.28
30/09/2021;3807.8;78.52
29/09/2021;3839.97;78.64
28/09/2021;3834.9;79.09
27/09/2021;3843.52;79.53
24/09/2021;3837.65;78.09
23/09/2021;3833.42;77.25
22/09/2021;3832.01;76.19
21/09/2021;3838.39;74.36
20/09/2021;3842.8;73.92
17/09/2021;3830;75.34
16/09/2021;3816.97;75.67
15/09/2021;3814.78;75.46
14/09/2021;3829.92;73.6
13/09/2021;3833.47;73.51
10/09/2021;3838.69;72.92
9/09/2021;3853.15;71.45
8/09/2021;3834.76;72.6
7/09/2021;3813.82;71.69
6/09/2021;3794.52;72.22
3/09/2021;3800.6;72.61
2/09/2021;3797.56;73.03
1/09/2021;3762.93;71.59
31/08/2021;3771.96;72.99
30/08/2021;3815.79;73.41
27/08/2021;3829.46;72.7
26/08/2021;3866.14;71.07
25/08/2021;3865;72.25
24/08/2021;3866.65;71.05
23/08/2021;3876.48;68.75
20/08/2021;3872.2;65.18
19/08/2021;3870.11;66.45
18/08/2021;3852.32;68.23
17/08/2021;3879.42;69.03
13/08/2021;3846.38;70.59
12/08/2021;3858.58;71.31
11/08/2021;3944.04;71.44
10/08/2021;3969.9;70.63
9/08/2021;3997.33;69.04
6/08/2021;3957.44;70.7
5/08/2021;3910.18;71.29
4/08/2021;3909.46;70.38
3/08/2021;3911.09;72.41
2/08/2021;3886.29;72.89
30/07/2021;3830.75;76.33
29/07/2021;3867.61;76.05
28/07/2021;3905.47;74.74
27/07/2021;3919.06;74.48
26/07/2021;3908.43;74.5
23/07/2021;3869.56;74.1
22/07/2021;3870.01;73.79
21/07/2021;3854.63;72.23
19/07/2021;3854.89;68.62
16/07/2021;3809.99;73.59
15/07/2021;3802.23;73.47
14/07/2021;3794.99;74.76
13/07/2021;3824.41;76.49
12/07/2021;3823.02;75.16
9/07/2021;3834.01;75.55
8/07/2021;3843.38;74.12
7/07/2021;3831.4;73.43
6/07/2021;3787.46;74.53
2/07/2021;3743.27;76.17
1/07/2021;3784.65;75.84
30/06/2021;3752.35;75.13
29/06/2021;3767.41;74.76
28/06/2021;3708.75;74.68
25/06/2021;3731.85;76.18
24/06/2021;3774.42;75.56
23/06/2021;3784.94;75.19
22/06/2021;3782.27;74.81
21/06/2021;3759.14;74.9
18/06/2021;3745.4;73.51
17/06/2021;3713.35;73.08
16/06/2021;3678.23;74.39
15/06/2021;3663.95;73.99
11/06/2021;3603.44;72.69
10/06/2021;3589.94;72.52
9/06/2021;3591.9;72.22
8/06/2021;3604.85;72.22
4/06/2021;3599.98;71.89
3/06/2021;3646.58;71.31
2/06/2021;3649.8;71.35
1/06/2021;3666.21;70.25
31/05/2021;3711.95;69.32
28/05/2021;3707.15;69.63
27/05/2021;3729.19;69.46
26/05/2021;3743.15;68.87
25/05/2021;3734.9;68.65
24/05/2021;3736.25;68.46
21/05/2021;3746.15;66.44
20/05/2021;3696.84;65.11
19/05/2021;3672.45;66.66
18/05/2021;3666.45;68.71
14/05/2021;3704.54;68.71
13/05/2021;3729.79;67.05
12/05/2021;3747.06;69.32
11/05/2021;3708.81;68.55
10/05/2021;3740.42;68.32
7/05/2021;3763.64;68.28
6/05/2021;3821.25;68.09
5/05/2021;3845.59;68.96
4/05/2021;3824.86;68.88
3/05/2021;3819.67;67.56
30/04/2021;3729.88;67.25
29/04/2021;3710.47;68.56
28/04/2021;3708.85;67.27
27/04/2021;3715.51;66.42
26/04/2021;3652.5;65.65
23/04/2021;3639.63;66.11
22/04/2021;3637.61;65.4
21/04/2021;3627.09;65.32
20/04/2021;3639.46;66.57
19/04/2021;3602.02;67.05
16/04/2021;3609.7;66.77
15/04/2021;3612.88;66.94
14/04/2021;3672.36;66.58
13/04/2021;3666.46;63.67
12/04/2021;3653.54;63.28
9/04/2021;3639.01;62.95
8/04/2021;3642.07;63.2
7/04/2021;3643.11;63.16
6/04/2021;3646.17;62.74
5/04/2021;3660.2;62.15
31/03/2021;3704.37;63.54
30/03/2021;3720.43;64.14
29/03/2021;3680.71;64.98
26/03/2021;3667.92;64.57
24/03/2021;3614.09;64.41
23/03/2021;3579.04;60.79
19/03/2021;3551.6;64.53
18/03/2021;3570.78;63.28
17/03/2021;3567.33;68
16/03/2021;3558.49;68.39
15/03/2021;3572.19;68.88
12/03/2021;3568.25;69.22
11/03/2021;3542.72;69.63
10/03/2021;3582.17;67.9
9/03/2021;3598.41;67.52
8/03/2021;3615.32;68.24
5/03/2021;3635.33;69.36
4/03/2021;3643.62;66.74
3/03/2021;3661.06;64.07
2/03/2021;3637.01;62.7
1/03/2021;3616.94;63.69
26/02/2021;3608.27;66.13
25/02/2021;3592.82;66.88
24/02/2021;3571.22;67.04
23/02/2021;3590.88;65.37
22/02/2021;3597.85;65.24
19/02/2021;3559.25;62.91
18/02/2021;3539.68;63.93
17/02/2021;3540.46;64.34
16/02/2021;3521.39;63.35
15/02/2021;3501.84;63.3
12/02/2021;3510.12;62.43
11/02/2021;3527.71;61.14
10/02/2021;3557.99;61.47
9/02/2021;3582.55;61.09
8/02/2021;3561.38;60.56
5/02/2021;3547.25;59.34
4/02/2021;3555.52;58.84
3/02/2021;3528.58;58.46
2/02/2021;3530.27;57.46
1/02/2021;3568.8;56.35
29/01/2021;3575.78;55.88
28/01/2021;3572.99;55.53
27/01/2021;3621.18;55.81
26/01/2021;3596.38;55.91
25/01/2021;3589.13;55.88
22/01/2021;3527.05;55.41
21/01/2021;3479.85;56.1
20/01/2021;3471.73;56.08
19/01/2021;3487.04;55.9
18/01/2021;3480.35;54.75
15/01/2021;3465.69;55.1
14/01/2021;3462.02;56.42
13/01/2021;3478.77;56.06
12/01/2021;3483.5;56.58
8/01/2021;3475.8;55.99
7/01/2021;3474.13;54.38
6/01/2021;3425.09;54.3
5/01/2021;3446.24;53.6
4/01/2021;3432.69;51.09
30/12/2020;3429.73;51.34
29/12/2020;3480.71;51.09
28/12/2020;3495.02;50.86
24/12/2020;3499.47;51.29
23/12/2020;3488.25;51.2
22/12/2020;3451.75;50.08
21/12/2020;3427.28;50.91
18/12/2020;3419.94;52.26
17/12/2020;3412.43;51.5
16/12/2020;3418.14;51.08
15/12/2020;3424.97;50.76
14/12/2020;3429.97;50.29
11/12/2020;3435.54;49.97
10/12/2020;3439.45;50.25
9/12/2020;3465.68;48.86
7/12/2020;3487.87;48.79
4/12/2020;3467.04;49.25
3/12/2020;3476.1;48.71
2/12/2020;3530.71;48.25
1/12/2020;3570.65;47.42
30/11/2020;3600.75;47.59
27/11/2020;3613.02;48.18
26/11/2020;3616.85;47.8
25/11/2020;3620.26;48.61
24/11/2020;3639.71;47.86
23/11/2020;3644.82;46.06
20/11/2020;3641.75;44.96
19/11/2020;3649.12;44.2
18/11/2020;3644.92;44.34
17/11/2020;3638.99;43.75
13/11/2020;3639.63;42.78
12/11/2020;3643.18;43.53
11/11/2020;3632.38;43.8
10/11/2020;3628.98;43.61
9/11/2020;3648.6;42.4
6/11/2020;3722.51;39.45
5/11/2020;3764.57;40.93
4/11/2020;3815.03;41.23
3/11/2020;3820.1;39.71
30/10/2020;3870.94;37.46
28/10/2020;3835.55;39.12
27/10/2020;3810.48;41.2
26/10/2020;3814.09;40.46
23/10/2020;3788.34;41.77
22/10/2020;3785.48;42.46
21/10/2020;3768.84;41.73
20/10/2020;3821.65;43.16
19/10/2020;3844.7;42.62
16/10/2020;3849.48;42.93
15/10/2020;3849.49;43.16
14/10/2020;3837.26;43.32
13/10/2020;3862.07;42.45
12/10/2020;3825.98;41.72
9/10/2020;3826.52;42.85
8/10/2020;3839.34;43.34
7/10/2020;3838.6;41.99
6/10/2020;3832.18;42.65
5/10/2020;3830.1;41.29
2/10/2020;3870.82;39.27
1/10/2020;3845.06;40.93
30/09/2020;3829.18;40.95
29/09/2020;3887.49;41.03
28/09/2020;3871.6;42.43
25/09/2020;3887.15;41.92
24/09/2020;3827.5;41.94
23/09/2020;3864.04;41.77
22/09/2020;3828.88;41.72
21/09/2020;3790.18;41.44
18/09/2020;3736.96;43.15
17/09/2020;3715.94;43.3
16/09/2020;3686.93;42.22
15/09/2020;3700.7;40.53
14/09/2020;3698.02;39.61
11/09/2020;3708.25;39.83
10/09/2020;3708.36;40.06
9/09/2020;3715.93;40.79
8/09/2020;3738.2;39.78
4/09/2020;3715.38;42.66
3/09/2020;3693.1;44.07
2/09/2020;3655.3;44.43
1/09/2020;3678.55;45.58
31/08/2020;3741.1;45.28
28/08/2020;3745.28;45.05
27/08/2020;3815.68;45.09
26/08/2020;3835.95;45.64
25/08/2020;3868.18;45.86
24/08/2020;3855.84;45.13
21/08/2020;3837.7;44.35
20/08/2020;3803.35;44.9
19/08/2020;3758.04;45.37
18/08/2020;3782.8;45.46
14/08/2020;3792.27;44.8
13/08/2020;3771.45;44.96
12/08/2020;3758.25;45.43
11/08/2020;3741.4;44.5
10/08/2020;3774.4;44.99
7/08/2020;3772.64;44.4
6/08/2020;3741.5;45.09
5/08/2020;3776.23;45.17
4/08/2020;3780.49;44.43
3/08/2020;3768.9;44.15
31/07/2020;3732.83;43.3
30/07/2020;3723.53;42.94
29/07/2020;3705.97;43.75
28/07/2020;3724.9;43.22
27/07/2020;3677.7;43.41
24/07/2020;3693.28;43.34
23/07/2020;3668.45;43.31
22/07/2020;3638.07;44.29
21/07/2020;3623.19;44.32
17/07/2020;3650.9;43.14
16/07/2020;3643.07;43.37
15/07/2020;3623.2;43.79
14/07/2020;3623.05;42.9
13/07/2020;3620.45;42.72
10/07/2020;3621.61;43.24
9/07/2020;3622.75;42.35
8/07/2020;3641.33;43.29
7/07/2020;3625.61;43.08
6/07/2020;3637.19;43.1
3/07/2020;3651.68;42.8
2/07/2020;3642.8;43.14
1/07/2020;3715.55;42.03
30/06/2020;3757.75;41.15
26/06/2020;3750.17;41.02
25/06/2020;3731.52;41.05
24/06/2020;3727.45;40.31
23/06/2020;3699.63;42.63
19/06/2020;3740.7;42.19
18/06/2020;3753.15;41.51
17/06/2020;3748.91;40.71
16/06/2020;3749.55;40.96
12/06/2020;3779.15;38.73
11/06/2020;3774.11;38.55
10/06/2020;3673.38;41.73
9/06/2020;3657.38;41.18
8/06/2020;3607.38;40.8
5/06/2020;3575.13;42.3
4/06/2020;3590.75;39.99
3/06/2020;3606.95;39.79
2/06/2020;3636.63;39.57
1/06/2020;3718.97;38.32
29/05/2020;3732;35.33
28/05/2020;3699.4;35.29
27/05/2020;3733.65;34.74
26/05/2020;3727.77;36.17
22/05/2020;3780.68;35.13
21/05/2020;3769.55;36.06
20/05/2020;3814.7;35.75
19/05/2020;3834.55;34.65
18/05/2020;3852.52;34.81
15/05/2020;3914.45;32.5
14/05/2020;3942.82;31.13
13/05/2020;3912.86;29.19
12/05/2020;3881.85;29.98
11/05/2020;3898.13;29.63
8/05/2020;3893.9;30.97
7/05/2020;3924.38;29.46
6/05/2020;3965.09;29.72
5/05/2020;3933.23;30.97
4/05/2020;3988.38;27.2
30/04/2020;3942.86;25.27
29/04/2020;3924.3;22.54
28/04/2020;4042.31;20.46
27/04/2020;4060.55;19.99
24/04/2020;4043.2;21.44
23/04/2020;4022.77;21.33
22/04/2020;4032.16;20.37
21/04/2020;4047.6;19.33
20/04/2020;3977.8;25.57
17/04/2020;3940.98;28.08
16/04/2020;3931.11;27.82
15/04/2020;3892.78;27.69
14/04/2020;3854.08;29.6
13/04/2020;3871.75;31.74
8/04/2020;3895.2;32.84
7/04/2020;3910.77;31.87
6/04/2020;3978.85;33.05
3/04/2020;4015;34.11
2/04/2020;4049.5;29.94
1/04/2020;4063.5;24.74
31/03/2020;4055.75;22.74
30/03/2020;4060.75;22.76
27/03/2020;4037.79;24.93
26/03/2020;3990.35;26.34
25/03/2020;4079.91;27.39
24/03/2020;4104.03;27.15
20/03/2020;4092.34;26.98
19/03/2020;4106.38;28.47
18/03/2020;4100.77;24.88
17/03/2020;4022.8;28.73
16/03/2020;4090;30.05
13/03/2020;3981.25;33.85
12/03/2020;3951.57;33.22
11/03/2020;3849.96;35.79
10/03/2020;3795.93;37.22
9/03/2020;3792.83;34.36
6/03/2020;3586.14;45.27
5/03/2020;3522;49.99
4/03/2020;3473.82;51.13
3/03/2020;3459.59;51.86
2/03/2020;3495.55;51.9
28/02/2020;3529.05;50.52
27/02/2020;3476.44;52.18
26/02/2020;3451.74;53.43
25/02/2020;3430.44;54.95
24/02/2020;3432.47;56.3
21/02/2020;3381.61;58.5
20/02/2020;3403.5;59.31
19/02/2020;3391.07;59.12
18/02/2020;3407.73;57.75
17/02/2020;3397.77;57.67
14/02/2020;3392.1;57.32
13/02/2020;3376.52;56.34
12/02/2020;3388.63;55.79
11/02/2020;3420.43;54.01
10/02/2020;3453.7;53.27
7/02/2020;3414.45;54.47
6/02/2020;3380.15;54.93
5/02/2020;3362.48;55.28
4/02/2020;3361.45;53.96
3/02/2020;3395.75;54.45
31/01/2020;3420.65;58.16
30/01/2020;3414.75;58.29
29/01/2020;3389.05;59.81
28/01/2020;3385.6;59.51
27/01/2020;3400.13;59.32
24/01/2020;3366.05;60.69
23/01/2020;3360.96;62.04
22/01/2020;3332.38;63.21
21/01/2020;3353.52;64.59
20/01/2020;3332.52;65.2
17/01/2020;3332;64.85
16/01/2020;3322.4;64.62
15/01/2020;3298.9;64
14/01/2020;3286.52;64.49
13/01/2020;3269.45;64.2
10/01/2020;3271.95;64.98
9/01/2020;3255.98;65.37
8/01/2020;3246.88;65.44
7/01/2020;3273;68.27
6/01/2020;3262.05;68.91
3/01/2020;3263.95;68.6
2/01/2020;3255.95;66.25
31/12/2019;3277.14;66
30/12/2019;3287.5;68.44
27/12/2019;3301.25;68.16
26/12/2019;3286.2;67.92
24/12/2019;3299;67.2
23/12/2019;3312.75;66.39
20/12/2019;3331.7;66.14
19/12/2019;3315.5;66.54
18/12/2019;3327.55;66.17
17/12/2019;3343.04;66.1
16/12/2019;3354.55;65.34
13/12/2019;3375.85;65.22
12/12/2019;3373.05;64.2
11/12/2019;3376.3;63.72
10/12/2019;3405.35;64.34
9/12/2019;3418.88;64.25
6/12/2019;3425.13;64.39
5/12/2019;3458.45;63.39
4/12/2019;3471;63
3/12/2019;3504.4;60.82
2/12/2019;3508.77;60.92
29/11/2019;3516.93;62.43
28/11/2019;3513;63.87
27/11/2019;3509.02;64.06
26/11/2019;3475.95;64.27
25/11/2019;3435.15;63.65
22/11/2019;3425;63.39
21/11/2019;3420.4;63.97
20/11/2019;3442.7;62.4
19/11/2019;3439.5;60.91
18/11/2019;3442.27;62.44
15/11/2019;3426.23;63.3
14/11/2019;3453.9;62.28
13/11/2019;3428.85;62.37
12/11/2019;3409;62.06
11/11/2019;3341.01;62.18
8/11/2019;3339.41;62.51
7/11/2019;3319.77;62.29
6/11/2019;3338;61.74
5/11/2019;3311.93;62.96
4/11/2019;3339.19;62.13
1/11/2019;3325.7;61.69
31/10/2019;3379.55;60.23
30/10/2019;3389.65;60.61
29/10/2019;3377.02;61.59
28/10/2019;3395.25;61.57
25/10/2019;3395.73;62.02
24/10/2019;3406.07;61.67
23/10/2019;3393.85;61.17
22/10/2019;3432.2;59.7
21/10/2019;3448.52;58.96
18/10/2019;3425.65;59.42
17/10/2019;3451.5;59.91
16/10/2019;3459.27;59.42
15/10/2019;3451.7;58.74
14/10/2019;3431.46;59.35
11/10/2019;3431.02;60.51
10/10/2019;3459.13;59.1
9/10/2019;3467.75;58.32
8/10/2019;3453.45;58.24
7/10/2019;3452.48;58.35
4/10/2019;3436;58.37
3/10/2019;3450.55;57.71
2/10/2019;3497.36;57.69
1/10/2019;3496.1;58.89
30/09/2019;3477.03;60.78
27/09/2019;3459.8;61.91
26/09/2019;3448.38;62.74
25/09/2019;3431.52;62.39
24/09/2019;3435.25;63.1
23/09/2019;3437;64.77
20/09/2019;3416.2;64.28
19/09/2019;3384.75;64.4
18/09/2019;3373.75;63.6
17/09/2019;3385.48;64.55
16/09/2019;3364.48;69.02
13/09/2019;3363.5;60.22
12/09/2019;3366.6;60.38
11/09/2019;3375.05;60.81
10/09/2019;3362.52;62.38
9/09/2019;3371.82;62.59
6/09/2019;3357.25;61.54
5/09/2019;3380.8;60.95
4/09/2019;3397.7;60.7
3/09/2019;3443.23;58.26
2/09/2019;3459;58.66
30/08/2019;3442.35;60.43
29/08/2019;3439.08;61.08
28/08/2019;3477.05;60.49
27/08/2019;3469.98;59.51
26/08/2019;3444.77;58.7
23/08/2019;3423;59.34
22/08/2019;3390.5;59.92
21/08/2019;3377.6;60.3
20/08/2019;3408.98;60.03
16/08/2019;3426.75;58.64
15/08/2019;3471.73;58.23
14/08/2019;3459.13;59.48
13/08/2019;3412.98;61.3
12/08/2019;3426.76;58.57
9/08/2019;3395.5;58.53
8/08/2019;3369.32;57.38
6/08/2019;3428.23;58.94
5/08/2019;3456.41;59.81
2/08/2019;3384.5;61.89
1/08/2019;3340.85;60.5
31/07/2019;3280.19;65.17
30/07/2019;3302.82;64.72
29/07/2019;3285.01;63.71
26/07/2019;3237.55;63.46
25/07/2019;3217.58;63.39
24/07/2019;3198.8;63.18
23/07/2019;3188.57;63.83
22/07/2019;3175.88;63.26
19/07/2019;3173.4;62.47
18/07/2019;3176.5;61.93
17/07/2019;3185.25;63.66
16/07/2019;3199.95;64.35
15/07/2019;3190.9;66.48
12/07/2019;3192.9;66.72
11/07/2019;3199.35;66.52
10/07/2019;3206.5;67.01
9/07/2019;3218.5;64.16
8/07/2019;3217.98;64.11
5/07/2019;3210.13;64.23
4/07/2019;3198.11;63.3
3/07/2019;3195.35;63.82
2/07/2019;3209.95;62.4
28/06/2019;3211.65;66.55
27/06/2019;3197.65;66.55
26/06/2019;3183.94;66.49
25/06/2019;3190.68;65.05
21/06/2019;3203.05;65.2
20/06/2019;3193.99;64.45
19/06/2019;3241;61.82
18/06/2019;3255.7;62.14
17/06/2019;3285.9;60.94
14/06/2019;3273.88;62.01
13/06/2019;3268.13;61.31
12/06/2019;3269;59.97
11/06/2019;3259.01;62.29
10/06/2019;3258.72;62.29
7/06/2019;3268.75;63.29
6/06/2019;3291.27;61.67
5/06/2019;3305.98;60.63
4/06/2019;3292.38;61.97
31/05/2019;3379;64.49
30/05/2019;3363.98;66.87
29/05/2019;3352.8;69.45
28/05/2019;3379.55;70.11
27/05/2019;3358.68;70.11
24/05/2019;3358.77;68.69
23/05/2019;3378.2;67.76
22/05/2019;3335.85;70.99
21/05/2019;3344.45;72.18
20/05/2019;3341.81;71.97
17/05/2019;3290.27;72.21
16/05/2019;3290.14;72.62
15/05/2019;3296.2;71.77
14/05/2019;3284.72;71.24
13/05/2019;3274.3;70.23
10/05/2019;3274.25;70.62
9/05/2019;3278;70.39
8/05/2019;3290.09;70.37
7/05/2019;3297;69.88
6/05/2019;3254.1;71.24
3/05/2019;3240.52;70.85
2/05/2019;3262.9;70.75
30/04/2019;3233.95;72.8
29/04/2019;3247.87;72.04
26/04/2019;3237.98;72.15
25/04/2019;3233;74.35
24/04/2019;3195.23;74.57
23/04/2019;3177.88;74.51
22/04/2019;3139.4;74.04
18/04/2019;3160.48;71.97
17/04/2019;3160.87;71.62
16/04/2019;3160.71;71.72
15/04/2019;3136.17;71.18
12/04/2019;3109;71.55
11/04/2019;3113.59;70.83
10/04/2019;3095.67;71.73
9/04/2019;3105.18;70.61
8/04/2019;3115.22;71.1
5/04/2019;3126.35;70.34
4/04/2019;3132.9;69.4
3/04/2019;3128.68;69.31
2/04/2019;3143.2;69.37
1/04/2019;3146.74;69.01
29/03/2019;3186;68.39
28/03/2019;3191;67.82
27/03/2019;3186.45;67.83
26/03/2019;3145.52;67.97
22/03/2019;3126.06;67.03
21/03/2019;3082.08;67.86
20/03/2019;3092.59;68.5
19/03/2019;3094.65;67.61
18/03/2019;3102.54;67.54
15/03/2019;3124.08;67.16
14/03/2019;3144.65;67.23
13/03/2019;3145.52;67.55
12/03/2019;3150.75;66.67
11/03/2019;3178.55;66.58
8/03/2019;3174.5;65.74
7/03/2019;3143.35;66.3
6/03/2019;3106.2;65.99
5/03/2019;3099.93;65.86
4/03/2019;3093.71;65.67
1/03/2019;3096.13;65.07
28/02/2019;3080.38;66.03
27/02/2019;3071.18;66.39
26/02/2019;3083.45;65.21
25/02/2019;3105.55;64.76
22/02/2019;3105.75;67.12
21/02/2019;3123.55;67.07
20/02/2019;3110.7;67.08
19/02/2019;3141.4;66.45
18/02/2019;3126.35;66.5
15/02/2019;3141.79;66.25
14/02/2019;3151.52;64.57
13/02/2019;3131.1;63.61
12/02/2019;3126.6;62.42
11/02/2019;3139.7;61.51
8/02/2019;3116.2;62.1
7/02/2019;3118.2;61.63
6/02/2019;3105.13;62.69
5/02/2019;3089.4;61.98
4/02/2019;3088.02;62.51
1/02/2019;3090.42;62.75
31/01/2019;3107;61.89
30/01/2019;3163.92;61.65
29/01/2019;3155.43;61.32
28/01/2019;3159.02;59.93
25/01/2019;3151.5;61.64
24/01/2019;3171.35;61.09
23/01/2019;3146.1;61.14
22/01/2019;3145.77;61.5
21/01/2019;3121.66;62.74
18/01/2019;3124.75;62.7
17/01/2019;3133.3;61.18
16/01/2019;3117.63;61.32
15/01/2019;3142.05;60.64
14/01/2019;3140.75;58.99
11/01/2019;3152.78;60.48
10/01/2019;3136.25;61.68
9/01/2019;3127.93;61.44
8/01/2019;3165.96;58.72
7/01/2019;3208.56;57.33
4/01/2019;3192.57;57.06
3/01/2019;3244;55.95
2/01/2019;3238.35;54.91
31/12/2018;3249.75;53.8
28/12/2018;3253;52.2
27/12/2018;3279.07;52.16
26/12/2018;3284;54.47
24/12/2018;3296.75;50.47
21/12/2018;3292;53.82
20/12/2018;3268.5;54.35
19/12/2018;3220.95;57.24
18/12/2018;3205.84;56.26
17/12/2018;3181.5;59.61
14/12/2018;3196.43;60.28
13/12/2018;3179;61.45
12/12/2018;3169.8;60.15
11/12/2018;3186.46;60.2
10/12/2018;3189.85;59.97
7/12/2018;3153.81;61.67
6/12/2018;3187.06;60.06
5/12/2018;3162.43;61.56
4/12/2018;3176.8;62.08
3/12/2018;3196.72;61.69
30/11/2018;3234.25;58.71
29/11/2018;3238.48;59.51
28/11/2018;3275.85;58.76
27/11/2018;3250.33;60.21
26/11/2018;3244.6;60.48
23/11/2018;3227.52;58.8
22/11/2018;3188;62.6
21/11/2018;3190.13;63.48
20/11/2018;3198.25;62.53
19/11/2018;3175.6;66.79
16/11/2018;3167.43;66.76
15/11/2018;3190.48;66.62
14/11/2018;3202.07;66.12
13/11/2018;3189.65;65.47
9/11/2018;3179.48;70.18
8/11/2018;3144.19;70.65
7/11/2018;3141.39;72.07
6/11/2018;3150.2;72.13
2/11/2018;3183.38;72.83
1/11/2018;3195.06;72.89
31/10/2018;3220.55;75.47
30/10/2018;3209;75.91
29/10/2018;3186.6;77.34
26/10/2018;3181.06;77.62
25/10/2018;3172;76.89
24/10/2018;3165.63;76.17
23/10/2018;3119.27;76.44
22/10/2018;3085.65;79.83
19/10/2018;3077.83;79.78
18/10/2018;3092.35;79.29
17/10/2018;3067.1;80.05
16/10/2018;3052.57;81.41
12/10/2018;3094.93;80.43
11/10/2018;3087.5;80.26
10/10/2018;3094;83.09
9/10/2018;3060.56;85
8/10/2018;3045.63;83.91
5/10/2018;3031.15;84.16
4/10/2018;3034.82;84.58
3/10/2018;3015.88;86.29
2/10/2018;3016.65;84.8
1/10/2018;2996.13;84.98
28/09/2018;2972;82.72
27/09/2018;2990;81.72
26/09/2018;3000;81.34
25/09/2018;3001;81.87
24/09/2018;2992.25;81.2
21/09/2018;3007.66;78.8
20/09/2018;3014.5;78.7
19/09/2018;3019.1;79.4
18/09/2018;3007.1;79.03
17/09/2018;3013.25;78.05
14/09/2018;3026;78.09
13/09/2018;3019.7;78.18
12/09/2018;3055;79.74
11/09/2018;3088;79.06
10/09/2018;3066;77.37
7/09/2018;3070.93;76.83
6/09/2018;3093.25;76.5
5/09/2018;3093.78;77.27
4/09/2018;3089.95;78.17
3/09/2018;3046.15;78.15
31/08/2018;3053.5;77.42
30/08/2018;3025;77.77
29/08/2018;3000;77.14
28/08/2018;2965;75.95
27/08/2018;2933.85;76.21
24/08/2018;2954.1;75.82
23/08/2018;2985.69;74.73
22/08/2018;2965.64;74.78
21/08/2018;2990.96;72.63
17/08/2018;3020;71.83
16/08/2018;3024.25;71.43
15/08/2018;3052.1;70.76
14/08/2018;3002.65;72.46
13/08/2018;3003.44;72.61
10/08/2018;2940.75;72.81
9/08/2018;2915.51;72.07
8/08/2018;2909;72.28
6/08/2018;2901.21;73.75
3/08/2018;2889.83;73.21
2/08/2018;2903.61;73.45
1/08/2018;2894.23;72.39
31/07/2018;2888.66;74.25
30/07/2018;2868.72;74.97
27/07/2018;2886.02;74.29
26/07/2018;2879.77;74.54
25/07/2018;2881.6;73.93
24/07/2018;2893.73;73.44
23/07/2018;2904.75;73.06
19/07/2018;2884;72.58
18/07/2018;2863.46;72.9
17/07/2018;2867.75;72.16
16/07/2018;2868.81;71.84
13/07/2018;2862;75.33
12/07/2018;2871.73;74.45
11/07/2018;2893.15;73.4
10/07/2018;2868.14;78.86
9/07/2018;2883.09;78.07
6/07/2018;2871.39;77.11
5/07/2018;2874.18;77.39
4/07/2018;2906.26;78.24
3/07/2018;2901.89;77.76
29/06/2018;2930.5;79.44
28/06/2018;2946.42;77.85
27/06/2018;2935.07;77.62
26/06/2018;2922.77;76.31
25/06/2018;2929.12;74.73
22/06/2018;2914.28;75.55
21/06/2018;2944.19;73.05
20/06/2018;2923.31;74.74
19/06/2018;2920.03;75.08
18/06/2018;2920.63;75.34
15/06/2018;2890.75;73.44
14/06/2018;2860.01;75.94
13/06/2018;2855.08;76.74
12/06/2018;2858.52;75.88
8/06/2018;2855.38;76.46
7/06/2018;2845.45;77.32
6/06/2018;2829;75.36
5/06/2018;2866.4;75.38
1/06/2018;2864.8;76.79
31/05/2018;2889.53;77.59
30/05/2018;2874.79;77.5
29/05/2018;2902.87;75.39
28/05/2018;2879;75.3
25/05/2018;2887.71;76.44
24/05/2018;2858;78.79
23/05/2018;2875.54;79.8
22/05/2018;2853.5;79.57
21/05/2018;2876.48;79.22
18/05/2018;2923.93;78.51
17/05/2018;2904.5;79.3
16/05/2018;2856.42;79.28
15/05/2018;2873.57;78.43
11/05/2018;2836.13;77.12
10/05/2018;2822.08;77.47
9/05/2018;2860.82;77.21
8/05/2018;2864.7;74.85
7/05/2018;2828.52;76.17
4/05/2018;2844.84;74.87
3/05/2018;2857.83;73.62
2/05/2018;2829.74;73.36
30/04/2018;2799.51;75.17
27/04/2018;2804.66;74.64
26/04/2018;2816.37;74.74
25/04/2018;2810.84;74
24/04/2018;2783.31;73.86
23/04/2018;2814.05;74.71
20/04/2018;2758.7;74.06
19/04/2018;2731.7;73.78
18/04/2018;2710.19;73.48
17/04/2018;2723.89;71.58
16/04/2018;2725.2;71.42
13/04/2018;2708.18;72.58
12/04/2018;2704.78;72.02
11/04/2018;2716.88;72.06
10/04/2018;2767.75;71.04
9/04/2018;2777.41;68.65
6/04/2018;2792.92;67.11
5/04/2018;2790.57;68.33
4/04/2018;2793.5;68.02
3/04/2018;2778.65;68.12
2/04/2018;2792.54;67.64
28/03/2018;2795.02;69.53
27/03/2018;2781.93;70.11
26/03/2018;2800.52;70.12
23/03/2018;2841.38;70.45
22/03/2018;2859.9;68.91
21/03/2018;2849.47;69.47
20/03/2018;2870.43;67.42
16/03/2018;2852.65;66.21
15/03/2018;2845.02;65.12
14/03/2018;2843.4;64.89
13/03/2018;2853.3;64.64
12/03/2018;2845.52;64.95
9/03/2018;2869.52;65.49
8/03/2018;2874.99;63.61
7/03/2018;2865.03;64.34
6/03/2018;2851.26;65.79
5/03/2018;2855.71;65.54
2/03/2018;2879.77;64.37
1/03/2018;2878.5;63.83
28/02/2018;2863.78;65.78
27/02/2018;2857.85;66.63
26/02/2018;2836.68;67.5
23/02/2018;2840.89;67.31
22/02/2018;2861.8;66.39
21/02/2018;2882.23;65.42
20/02/2018;2861.2;65.25
19/02/2018;2844.3;65.67
16/02/2018;2845.13;64.84
15/02/2018;2853.06;64.33
14/02/2018;2870.05;64.36
13/02/2018;2904.5;62.72
12/02/2018;2889.69;62.59
9/02/2018;2941.77;62.79
8/02/2018;2887;64.81
7/02/2018;2845.4;65.51
6/02/2018;2828.7;66.86
5/02/2018;2846.5;67.62
2/02/2018;2839.34;68.58
1/02/2018;2790.77;69.65
31/01/2018;2826.71;69.05
30/01/2018;2849.1;69.02
29/01/2018;2846.5;69.46
26/01/2018;2810.95;70.52
25/01/2018;2790.5;70.42
24/01/2018;2812.77;70.53
23/01/2018;2855.19;69.96
22/01/2018;2851.54;69.03
19/01/2018;2849.3;68.61
18/01/2018;2841.75;69.31
17/01/2018;2847.8;69.38
16/01/2018;2866.36;69.15
15/01/2018;2839.5;70.26
12/01/2018;2859.18;69.87
11/01/2018;2856.73;69.26
10/01/2018;2890.5;69.2
9/01/2018;2910.2;68.82
5/01/2018;2905.65;67.62
4/01/2018;2887.69;68.07
3/01/2018;2902.8;67.84
2/01/2018;2932.5;66.57
28/12/2017;2986.84;66.72
27/12/2017;2973.8;66.44
26/12/2017;2965.27;67.02
22/12/2017;2961.5;65.25
21/12/2017;2964.62;64.9
20/12/2017;2957.75;64.56
19/12/2017;2971.42;63.8
18/12/2017;2977.41;63.41
15/12/2017;2996.58;63.23
14/12/2017;2996.98;63.31
13/12/2017;3013.07;62.44
12/12/2017;3028.82;63.34
11/12/2017;3013.25;64.69
7/12/2017;3010.85;62.2
6/12/2017;3010.1;61.22
5/12/2017;2996.08;62.86
4/12/2017;2993.57;62.45
1/12/2017;3001.91;63.73
30/11/2017;3016.55;63.57
29/11/2017;3006.02;63.11
28/11/2017;3000.87;63.61
27/11/2017;2986.7;63.84
24/11/2017;2982.4;63.86
23/11/2017;2981.75;63.55
22/11/2017;2977.18;63.32
21/11/2017;2994.9;62.57
20/11/2017;3014.45;62.22
17/11/2017;3004.21;62.72
16/11/2017;3015.89;61.36
15/11/2017;3026.02;61.87
14/11/2017;3016.91;62.21
10/11/2017;3006.22;63.52
9/11/2017;3011.75;63.93
8/11/2017;3020.13;63.49
7/11/2017;3026.9;63.69
3/11/2017;3038.8;62.07
2/11/2017;3033.46;60.62
1/11/2017;3056.7;60.49
31/10/2017;3040.5;61.37
30/10/2017;3011.57;60.9
27/10/2017;3010.5;60.44
26/10/2017;3015.23;59.3
25/10/2017;2998.57;58.44
24/10/2017;2977.5;58.33
23/10/2017;2947.99;57.37
20/10/2017;2937.68;57.75
19/10/2017;2918.55;57.23
18/10/2017;2923.65;58.15
17/10/2017;2949.43;57.88
5/10/2017;2926.13;57
4/10/2017;2934.8;55.8
3/10/2017;2954.95;56
2/10/2017;2949.88;56.12
29/09/2017;2938.87;57.54
28/09/2017;2943.05;57.41
27/09/2017;2931.58;57.9
25/09/2017;2924.08;59.02
22/09/2017;2906.26;56.86
21/09/2017;2916.32;56.43
20/09/2017;2891.8;56.29
19/09/2017;2903.43;55.14
18/09/2017;2907.95;55.48
15/09/2017;2897.32;55.62
14/09/2017;2897.83;55.47
13/09/2017;2909.83;55.16
12/09/2017;2907.01;54.27
7/09/2017;2906.28;54.49
6/09/2017;2911.57;54.2
4/09/2017;2928.45;52.34
1/09/2017;2928.08;52.75
31/08/2017;2948.17;52.38
29/08/2017;2931.53;52
28/08/2017;2944.06;51.89
25/08/2017;2920.55;52.41
24/08/2017;2957.95;52.04
23/08/2017;2978.98;52.57
22/08/2017;2984.55;51.87
18/08/2017;2989.31;52.72
17/08/2017;2988.71;51.03
16/08/2017;2967.82;50.27
15/08/2017;2974.4;50.8
14/08/2017;2965.03;50.73
11/08/2017;2972.09;52.1
10/08/2017;2994.9;51.9
9/08/2017;3005.5;52.7
8/08/2017;2994.53;52.14
4/08/2017;2985.56;52.42
3/08/2017;2951.84;52.01
2/08/2017;2964.6;52.36
1/08/2017;2973;51.78
31/07/2017;2983.72;52.65
28/07/2017;2999.32;52.52
27/07/2017;3002.4;51.49
26/07/2017;3015.74;50.97
25/07/2017;3027.33;50.2
24/07/2017;3027.81;48.6
21/07/2017;3008.54;48.06
19/07/2017;3008.5;49.7
18/07/2017;3010.41;48.84
17/07/2017;3027.56;48.42
14/07/2017;3022.53;48.91
13/07/2017;3042.23;48.42
12/07/2017;3045.34;47.74
11/07/2017;3057.52;47.52
10/07/2017;3060.16;46.88
7/07/2017;3085.5;46.71
6/07/2017;3092.81;48.11
5/07/2017;3081.9;47.79
4/07/2017;3042.12;49.61
30/06/2017;3043.11;47.92
29/06/2017;3048;47.42
28/06/2017;3019.48;47.31
27/06/2017;3028.7;46.65
23/06/2017;3021.45;45.54
22/06/2017;3024.43;45.22
21/06/2017;3057.5;44.82
20/06/2017;3030.58;46.02
16/06/2017;2960.47;47.37
15/06/2017;2949.32;46.92
14/06/2017;2932.22;47
13/06/2017;2930.64;48.72
12/06/2017;2929.58;48.29
9/06/2017;2916.61;48.15
8/06/2017;2917.27;47.86
7/06/2017;2913.96;48.06
6/06/2017;2892.29;50.12
5/06/2017;2896;49.47
2/06/2017;2894.5;49.95
1/06/2017;2889.95;50.63
31/05/2017;2917.2;50.31
30/05/2017;2915.12;51.84
26/05/2017;2908.54;52.15
25/05/2017;2915.89;51.46
24/05/2017;2906.89;53.96
23/05/2017;2906.21;54.15
22/05/2017;2904.54;53.87
19/05/2017;2885.13;53.61
18/05/2017;2925.23;52.51
17/05/2017;2898.98;52.21
16/05/2017;2880.16;51.65
15/05/2017;2879.3;51.82
12/05/2017;2918.96;50.84
11/05/2017;2926.4;50.77
10/05/2017;2942.45;50.22
9/05/2017;2973.45;48.73
8/05/2017;2959.72;49.34
5/05/2017;2947.35;49.1
4/05/2017;2979.57;48.38
3/05/2017;2928.75;50.79
2/05/2017;2940.92;50.46
28/04/2017;2940.17;51.73
27/04/2017;2938.9;51.44
26/04/2017;2929.48;51.82
25/04/2017;2900.02;52.1
24/04/2017;2871.7;51.6
21/04/2017;2876.18;51.96
20/04/2017;2851.04;52.99
19/04/2017;2869.54;52.93
18/04/2017;2839.02;54.89
17/04/2017;2852.69;55.36
12/04/2017;2872.66;55.86
11/04/2017;2875.88;56.23
10/04/2017;2865.19;55.98
7/04/2017;2862.82;55.24
6/04/2017;2855.96;54.89
5/04/2017;2859.55;54.36
4/04/2017;2865.58;54.17
3/04/2017;2870.72;53.12
31/03/2017;2873.98;52.83
30/03/2017;2883.27;52.96
29/03/2017;2881.9;52.42
28/03/2017;2908.59;51.33
27/03/2017;2919.02;50.75
24/03/2017;2896.15;50.8
23/03/2017;2918.37;50.56
22/03/2017;2920.53;50.64
21/03/2017;2918.38;50.96
20/03/2017;2913.04;51.62
17/03/2017;2913.55;51.76
16/03/2017;2921.6;51.74
15/03/2017;2970.06;51.81
14/03/2017;2997.5;50.92
13/03/2017;2984.1;51.35
10/03/2017;2983.5;51.37
9/03/2017;2998.06;52.19
8/03/2017;2993.84;53.11
7/03/2017;2955.08;55.92
6/03/2017;2972.25;56.01
3/03/2017;2980.9;55.9
2/03/2017;2972.1;55.08
1/03/2017;2934.93;56.36
28/02/2017;2921.61;55.59
27/02/2017;2896.44;55.93
24/02/2017;2890.34;55.99
23/02/2017;2869.02;56.58
22/02/2017;2895.12;55.84
21/02/2017;2901.43;56.66
20/02/2017;2883.85;56.18
17/02/2017;2891.56;55.81
16/02/2017;2875.88;55.65
15/02/2017;2870;55.75
14/02/2017;2875.81;55.97
13/02/2017;2874.14;55.59
10/02/2017;2855.17;56.7
9/02/2017;2860.81;55.63
8/02/2017;2880.69;55.12
7/02/2017;2856.27;55.05
6/02/2017;2856.4;55.72
3/02/2017;2851.81;56.81
2/02/2017;2877.9;56.56
1/02/2017;2905.33;56.8
31/01/2017;2920.06;55.7
30/01/2017;2931.73;55.23
27/01/2017;2933.05;55.52
26/01/2017;2940.39;56.24
25/01/2017;2926.43;55.08
24/01/2017;2926.59;55.44
23/01/2017;2929.75;55.23
20/01/2017;2922.01;55.49
19/01/2017;2946.8;54.16
18/01/2017;2934.66;53.92
17/01/2017;2919.41;55.47
16/01/2017;2941.35;55.86
13/01/2017;2947.38;55.45
12/01/2017;2922.38;56.01
11/01/2017;2973.78;55.1
10/01/2017;2945.16;53.64
9/01/2017;2919.01;54.94
6/01/2017;2922.27;57.1
5/01/2017;2931.63;56.89
4/01/2017;2969.45;56.46
3/01/2017;2982.8;55.47
2/01/2017;3000.71;#N/D
30/12/2016;3000.71;56.82
29/12/2016;3002.5;56.14
28/12/2016;3026;56.22
27/12/2016;2997.6;56.09
26/12/2016;2996.6;#N/D
23/12/2016;2998.68;55.16
22/12/2016;2996.25;55.05
21/12/2016;2995.28;54.46
20/12/2016;2995.71;55.35
16/12/2016;3007.24;55.21
15/12/2016;3002.18;54.02
14/12/2016;2962.8;53.9
13/12/2016;2972.25;55.72
12/12/2016;2993.32;55.69
9/12/2016;3005.98;54.33
8/12/2016;3004;53.89
7/12/2016;3004.6;53
6/12/2016;3002.94;53.93
5/12/2016;3038.46;54.94
2/12/2016;3089.14;54.46
1/12/2016;3072.94;53.94
30/11/2016;3072.3;50.47
29/11/2016;3159.47;46.38
28/11/2016;3140.5;48.24
25/11/2016;3173;47.24
24/11/2016;3187.97;49
23/11/2016;3173.95;48.95
22/11/2016;3151.39;49.12
21/11/2016;3149.34;48.9
18/11/2016;3180.61;46.86
17/11/2016;3158.34;46.49
16/11/2016;3132.47;46.63
15/11/2016;3119.9;46.95
14/11/2016;3100.12;44.43
11/11/2016;3032.07;44.75
10/11/2016;3116.15;45.84
9/11/2016;3000.65;46.36
8/11/2016;2951.98;46.04
7/11/2016;3070.4;46.15
4/11/2016;3060.49;45.58
3/11/2016;3072.67;46.35
2/11/2016;3071.05;46.86
1/11/2016;3047.27;48.14
31/10/2016;3006.78;48.3
28/10/2016;2988.5;49.71
27/10/2016;2960;50.47
26/10/2016;2971.75;49.98
25/10/2016;2936.09;50.79
24/10/2016;2938.47;51.46
21/10/2016;2933.16;51.78
20/10/2016;2929.57;51.38
19/10/2016;2917.2;52.67
18/10/2016;2906.46;51.68
17/10/2016;2915.67;51.52
14/10/2016;2922.11;51.95
13/10/2016;2918.41;52.03
12/10/2016;2897.35;51.81
11/10/2016;2914.07;52.41
10/10/2016;2913.96;53.14
7/10/2016;2926.4;51.93
6/10/2016;2904.05;52.51
5/10/2016;2928.94;51.86
4/10/2016;2975.88;50.87
3/10/2016;2929.13;50.89
30/09/2016;2881.3;49.06
29/09/2016;2892.47;49.24
28/09/2016;2910.7;48.69
27/09/2016;2886.8;45.97
26/09/2016;2921.41;47.35
23/09/2016;2915.66;45.89
22/09/2016;2881.76;47.65
21/09/2016;2891.77;46.83
20/09/2016;2914.5;45.88
19/09/2016;2918.39;45.95
16/09/2016;2957.4;45.77
15/09/2016;2928.5;46.59
14/09/2016;2949.68;45.85
13/09/2016;2976.21;47.1
12/09/2016;2936.91;48.32
9/09/2016;2918.65;48.01
8/09/2016;2842.1;49.99
7/09/2016;2859.75;47.98
2/09/2016;2954.03;46.83
31/08/2016;2971.77;47.04
30/08/2016;2942.91;48.37
29/08/2016;2919.25;49.26
26/08/2016;2903.2;49.92
25/08/2016;2896.5;49.67
24/08/2016;2943;49.05
23/08/2016;2923;49.96
22/08/2016;2889.65;49.16
19/08/2016;2857.25;50.88
18/08/2016;2880.25;50.89
17/08/2016;2911.95;49.85
16/08/2016;2902.5;49.23
12/08/2016;2930.45;46.97
11/08/2016;2891.25;46.04
10/08/2016;2942.27;44.05
9/08/2016;2986.04;44.98
8/08/2016;2998.43;45.39
5/08/2016;3037.5;44.27
4/08/2016;3083.25;44.29
3/08/2016;3094.72;43.1
2/08/2016;3102.29;41.8
1/08/2016;3088.18;42.14
29/07/2016;3070.88;42.46
28/07/2016;3094;42.7
27/07/2016;3084.85;43.47
26/07/2016;3058.3;44.87
25/07/2016;3013.48;44.72
22/07/2016;2950.65;45.69
21/07/2016;2942.31;46.2
20/07/2016;2928.49;47.17
19/07/2016;2927.98;46.66
18/07/2016;2921.06;46.96
15/07/2016;2923.47;47.61
14/07/2016;2916.66;47.37
13/07/2016;2937.15;46.26
12/07/2016;2919.5;48.47
11/07/2016;2936.31;46.25
8/07/2016;2933.32;46.76
7/07/2016;2987.35;46.4
6/07/2016;3001.73;48.8
5/07/2016;2981.81;47.96
4/07/2016;2932.91;50.1
1/07/2016;2932.91;50.35
30/06/2016;2920.46;49.68
29/06/2016;2915.6;50.61
28/06/2016;2981.27;48.58
27/06/2016;3057.7;47.16
24/06/2016;2972;48.41
23/06/2016;2897.31;50.91
22/06/2016;2919.35;49.88
21/06/2016;2975.6;50.62
20/06/2016;2974.07;50.65
17/06/2016;3009.68;49.17
16/06/2016;3016.19;47.19
15/06/2016;2977.34;48.97
14/06/2016;3006.94;49.83
13/06/2016;2997;50.35
10/06/2016;2970.73;50.54
9/06/2016;2939.5;51.95
8/06/2016;2924.65;52.51
7/06/2016;2941.88;51.44
6/06/2016;3020;50.55
3/06/2016;3019.69;49.64
2/06/2016;3085.83;50.04
1/06/2016;3112.9;49.72
31/05/2016;3090.93;49.69
30/05/2016;3069;49.76
27/05/2016;3071.1;49.32
26/05/2016;3060;49.59
25/05/2016;3060.48;49.74
24/05/2016;3054.2;48.61
23/05/2016;3060.25;48.35
20/05/2016;3052;48.72
19/05/2016;3057.24;48.81
18/05/2016;3024.7;48.93
17/05/2016;3013.1;49.28
16/05/2016;3028.05;48.97
13/05/2016;2992.5;47.83
12/05/2016;2946.47;48.08
11/05/2016;2939.21;47.6
10/05/2016;2974.43;45.52
9/05/2016;2958;43.63
6/05/2016;2957.96;45.37
5/05/2016;2953.81;45.01
4/05/2016;2954.65;44.62
3/05/2016;2914.25;44.97
2/05/2016;2835.13;45.83
29/04/2016;2850.04;48.13
28/04/2016;2875.5;48.14
27/04/2016;2933.88;47.18
26/04/2016;2954.93;45.74
25/04/2016;2967.2;44.48
22/04/2016;2946.89;45.11
21/04/2016;2941.85;44.53
20/04/2016;2897.49;45.8
19/04/2016;2899.05;44.03
18/04/2016;2969.57;42.91
15/04/2016;2997.46;43.1
14/04/2016;2994.64;43.84
13/04/2016;3007.93;44.18
12/04/2016;3019.05;44.69
11/04/2016;3053.76;42.83
8/04/2016;3093.65;41.94
7/04/2016;3106.75;39.43
6/04/2016;3081;39.84
5/04/2016;3084.55;37.87
4/04/2016;3064.07;37.69
1/04/2016;3036.05;38.67
31/03/2016;3002.14;39.6
30/03/2016;3014;39.26
29/03/2016;3058.52;39.14
28/03/2016;3026.05;40.27
23/03/2016;3069.75;40.47
22/03/2016;3030.5;41.79
18/03/2016;3071.8;41.2
17/03/2016;3073.74;41.54
16/03/2016;3160.7;40.33
15/03/2016;3163.85;38.74
14/03/2016;3153.37;39.53
11/03/2016;3151.07;40.39
10/03/2016;3224.5;40.05
9/03/2016;3186.2;41.07
8/03/2016;3207.25;39.65
7/03/2016;3114.5;40.84
4/03/2016;3156.3;38.72
3/03/2016;3194.04;37.07
2/03/2016;3205.35;36.93
1/03/2016;3228.96;36.81
29/02/2016;3292.9;35.97
26/02/2016;3341.38;35.1
25/02/2016;3313.67;35.29
24/02/2016;3340.35;34.41
23/02/2016;3328;33.27
22/02/2016;3310.8;34.69
19/02/2016;3356.5;33.01
18/02/2016;3343.42;34.28
17/02/2016;3360.39;34.5
16/02/2016;3414.98;32.18
15/02/2016;3383;33.39
12/02/2016;3382.75;33.36
11/02/2016;3440;30.06
10/02/2016;3391.75;30.84
9/02/2016;3393.52;30.32
8/02/2016;3369.43;32.88
5/02/2016;3333.49;34.06
4/02/2016;3319.7;34.46
3/02/2016;3375.14;35.04
2/02/2016;3393.5;32.72
1/02/2016;3327.5;34.24
29/01/2016;3284.55;34.74
28/01/2016;3281.75;33.89
27/01/2016;3355.68;33.1
26/01/2016;3365.7;31.8
25/01/2016;3398.5;30.5
22/01/2016;3307.5;32.18
21/01/2016;3318.93;29.25
20/01/2016;3395.85;27.88
19/01/2016;3310;28.76
18/01/2016;3301.15;28.55
15/01/2016;3302.34;28.94
14/01/2016;3231.2;31.03
13/01/2016;3254.94;30.31
12/01/2016;3275.29;30.86
11/01/2016;3265.01;31.55
8/01/2016;3266.02;33.55
7/01/2016;3272.18;33.75
6/01/2016;3256.75;34.23
5/01/2016;3211.75;36.42
4/01/2016;3219.02;37.22
31/12/2015;3174.5;37.28
30/12/2015;3175.52;36.46
29/12/2015;3169.5;37.79
28/12/2015;3174.25;36.62
24/12/2015;3189.8;37.89
23/12/2015;3213.7;37.36
22/12/2015;3313.84;36.11
21/12/2015;3328.35;36.35
18/12/2015;3329.45;36.88
17/12/2015;3347.39;37.06
16/12/2015;3335.55;37.19
15/12/2015;3315.3;38.45
14/12/2015;3351.05;37.92
11/12/2015;3332.5;37.93
10/12/2015;3247.77;39.73
9/12/2015;3284.55;40.11
7/12/2015;3306.28;40.73
4/12/2015;3201.88;43
3/12/2015;3142.52;43.84
2/12/2015;3162.7;42.49
1/12/2015;3124.02;44.44
30/11/2015;3146.25;44.61
27/11/2015;3106.43;44.86
26/11/2015;3095.5;45.46
25/11/2015;3086.25;46.17
24/11/2015;3068.77;46.12
23/11/2015;3094.57;44.83
20/11/2015;3063;44.66
19/11/2015;3073.99;44.18
18/11/2015;3103.6;44.14
17/11/2015;3078.5;43.57
16/11/2015;3076.16;44.56
13/11/2015;3075.25;43.61
12/11/2015;3036.94;44.06
11/11/2015;2942;45.81
10/11/2015;2942.1;47.44
9/11/2015;2925.95;47.19
6/11/2015;2891.4;47.42
5/11/2015;2858.93;47.98
4/11/2015;2837;48.58
3/11/2015;2798.08;50.54
30/10/2015;2896.7;49.56
29/10/2015;2915.65;48.8
28/10/2015;2919.2;49.05
27/10/2015;2948.95;46.81
26/10/2015;2928;47.54
23/10/2015;2916.4;47.99
22/10/2015;2904.11;48.08
21/10/2015;2960.95;47.85
20/10/2015;2936.43;48.71
19/10/2015;2919.25;48.61
16/10/2015;2883.6;50.46
15/10/2015;2894;48.71
14/10/2015;2926;49.15
13/10/2015;2910.82;49.24
12/10/2015;2869.1;49.86
9/10/2015;2869.5;52.65
8/10/2015;2871.25;53.05
7/10/2015;2899.82;51.33
6/10/2015;2913.71;51.92
5/10/2015;2961.98;49.25
2/10/2015;3018.8;48.13
1/10/2015;3062.52;47.69
30/09/2015;3087.42;48.37
29/09/2015;3111.04;48.23
28/09/2015;3121.08;47.34
25/09/2015;3073.98;48.6
24/09/2015;3107;48.17
23/09/2015;3117.05;47.75
22/09/2015;3072.32;49.08
21/09/2015;3009.52;48.92
18/09/2015;2985;47.47
17/09/2015;2980;49.08
16/09/2015;2966.29;49.75
15/09/2015;3023.45;46.63
14/09/2015;3027.85;46.37
11/09/2015;3043;48.14
10/09/2015;3051;48.89
9/09/2015;3113.02;47.58
8/09/2015;3114.12;49.52
7/09/2015;3160.13;47.63
4/09/2015;3126.07;49.61
3/09/2015;3108.73;50.68
2/09/2015;3173.2;50.5
1/09/2015;3112.25;49.56
31/08/2015;3052.5;54.15
28/08/2015;3075.74;50.05
27/08/2015;3163.05;47.56
26/08/2015;3261.7;43.14
25/08/2015;3208.45;43.21
24/08/2015;3237.38;42.69
21/08/2015;3107.95;45.46
20/08/2015;3062.34;46.62
19/08/2015;3023.05;47.16
18/08/2015;3003.57;48.81
17/08/2015;2998;48.74
14/08/2015;2993;49.03
13/08/2015;2983.05;49.22
12/08/2015;2939.5;49.66
11/08/2015;2942.82;49.18
10/08/2015;2908.69;50.41
7/08/2015;2937.5;48.61
6/08/2015;2938.68;49.52
5/08/2015;2950.75;49.59
4/08/2015;2923.25;49.99
3/08/2015;2917.73;49.52
31/07/2015;2880.45;52.21
30/07/2015;2877.68;53.31
29/07/2015;2849.5;53.38
28/07/2015;2860.02;53.3
27/07/2015;2861.48;53.47
24/07/2015;2852.88;54.62
23/07/2015;2832.9;55.27
22/07/2015;2790.47;56.13
21/07/2015;2769.89;57.04
17/07/2015;2761.4;57.1
16/07/2015;2737.75;57.51
15/07/2015;2715.95;57.05
14/07/2015;2686.35;58.51
13/07/2015;2685.75;57.85
10/07/2015;2673.27;58.73
9/07/2015;2675.15;58.61
8/07/2015;2683.6;57.05
7/07/2015;2691.25;56.85
6/07/2015;2669.45;56.54
3/07/2015;2636.9;60.32
2/07/2015;2632.38;62.07
1/07/2015;2639.65;62.01
30/06/2015;2606.59;63.59
26/06/2015;2583.65;63.26
25/06/2015;2560.65;63.2
24/06/2015;2564.64;63.49
23/06/2015;2548.81;64.45
22/06/2015;2535.79;63.34
19/06/2015;2553.4;63.02
18/06/2015;2542.28;64.26
17/06/2015;2550;63.87
16/06/2015;2538.5;63.7
15/06/2015;2536.5;62.61
12/06/2015;2526.48;63.87
11/06/2015;2531.55;65.11
10/06/2015;2526.66;65.7
9/06/2015;2556.6;64.88
8/06/2015;2607.5;62.69
5/06/2015;2623.06;63.31
4/06/2015;2591.47;62.03
3/06/2015;2578.15;63.8
2/06/2015;2558.41;65.49
1/06/2015;2561.52;64.88
29/05/2015;2531.42;65.56
28/05/2015;2536.83;62.58
27/05/2015;2534.85;62.06
26/05/2015;2545.35;63.72
25/05/2015;2489.5;65.52
22/05/2015;2491.66;65.37
21/05/2015;2481.91;66.54
20/05/2015;2496.8;65.03
19/05/2015;2486.95;64.02
18/05/2015;2433;66.27
15/05/2015;2414.75;66.81
14/05/2015;2389.47;66.59
13/05/2015;2388.4;66.81
12/05/2015;2381.82;66.86
11/05/2015;2386.93;64.91
8/05/2015;2355.02;65.39
7/05/2015;2371.02;65.54
6/05/2015;2360.74;67.77
5/05/2015;2389.22;67.52
4/05/2015;2405.9;66.45
1/05/2015;2391.5;66.46
30/04/2015;2382.6;66.78
29/04/2015;2379;65.84
28/04/2015;2398.6;64.64
27/04/2015;2412.41;64.83
24/04/2015;2453.75;65.28
23/04/2015;2468.27;64.85
22/04/2015;2490.09;62.73
21/04/2015;2470.6;62.08
20/04/2015;2485.1;63.45
17/04/2015;2499.73;63.45
16/04/2015;2482.18;63.98
15/04/2015;2508.15;60.32
14/04/2015;2556.21;58.43
13/04/2015;2558.5;57.93
10/04/2015;2509;57.87
9/04/2015;2498;56.57
8/04/2015;2490.1;55.55
7/04/2015;2509.5;59.1
6/04/2015;2534;58.12
1/04/2015;2581;57.1
31/03/2015;2599.9;55.11
